Employee ID,Age,Retirement Status,Designation,Salary,Years of Service,Gender,Death Status,Retirement Age,Dependent Wife,Dependent Children,Marital Status
1,37,Retired,Clerk,79404,15,Other,Alive,55,Yes,Yes,No
2,47,Active,Clerk,76881,8,Male,Alive,59,No,Yes,Yes
3,43,Retired,Analyst,42819,23,Male,Alive,67,Yes,No,No
4,41,Active,Engineer,132667,24,Female,Alive,57,No,No,No
5,55,Retired,Engineer,144253,2,Male,Alive,66,Yes,Yes,Yes
6,59,Active,Analyst,133665,18,Other,Alive,57,Yes,No,Yes
7,44,Active,Manager,131082,38,Female,Alive,60,No,Yes,Yes
8,54,Active,Analyst,40896,35,Female,Alive,56,Yes,Yes,No
9,64,Retired,Manager,142722,35,Female,Dead,65,No,Yes,No
10,51,Active,Engineer,74923,2,Male,Alive,58,No,Yes,No
11,39,Active,Director,103832,28,Female,Dead,69,Yes,No,Yes
12,55,Active,Manager,102795,35,Male,Alive,62,No,Yes,Yes
13,61,Active,Clerk,104801,31,Other,Dead,60,No,Yes,Yes
14,64,Retired,Engineer,84664,23,Female,Dead,62,No,No,No
15,47,Active,Director,79709,16,Female,Dead,66,No,Yes,Yes
16,35,Active,Manager,123880,1,Male,Dead,63,No,Yes,Yes
17,32,Active,Manager,114923,22,Other,Dead,67,Yes,No,Yes
18,29,Active,Engineer,101950,24,Male,Dead,67,No,No,Yes
19,63,Active,Manager,106463,6,Other,Alive,68,No,No,No
20,58,Active,Director,32637,38,Male,Alive,60,Yes,Yes,No
21,28,Retired,Analyst,124289,9,Other,Alive,62,Yes,Yes,Yes
22,62,Retired,Director,58017,1,Other,Dead,65,Yes,No,No
23,28,Active,Clerk,84581,12,Female,Alive,57,Yes,Yes,Yes
24,43,Active,Clerk,103486,25,Other,Dead,62,Yes,No,No
25,58,Retired,Manager,75876,25,Other,Alive,63,Yes,No,No
26,33,Active,Clerk,147251,6,Male,Dead,65,Yes,Yes,No
27,40,Retired,Clerk,131693,21,Other,Alive,64,No,No,No
28,37,Active,Engineer,122820,34,Other,Dead,65,No,No,No
29,43,Active,Director,87470,39,Female,Dead,63,No,No,No
30,30,Active,Manager,42208,14,Female,Alive,57,No,Yes,Yes
31,56,Active,Analyst,138440,37,Male,Alive,58,No,No,No
32,51,Active,Analyst,110464,37,Male,Alive,66,No,No,No
33,35,Retired,Analyst,71036,19,Male,Dead,69,No,No,Yes
34,48,Retired,Director,45667,26,Other,Dead,56,Yes,No,No
35,57,Retired,Clerk,52176,15,Female,Dead,69,Yes,No,Yes
36,59,Active,Manager,31494,10,Male,Dead,65,Yes,No,Yes
37,48,Active,Engineer,86200,1,Female,Dead,58,No,Yes,Yes
38,33,Retired,Clerk,37585,5,Male,Alive,56,Yes,Yes,Yes
39,47,Active,Engineer,40996,11,Other,Dead,62,Yes,No,Yes
40,55,Active,Analyst,90078,27,Male,Dead,63,No,Yes,No
41,42,Retired,Director,144292,2,Male,Dead,65,Yes,Yes,Yes
42,61,Active,Analyst,77589,38,Female,Alive,61,No,Yes,Yes
43,31,Retired,Manager,42304,16,Other,Alive,62,No,Yes,No
44,53,Active,Analyst,149398,31,Male,Dead,66,No,Yes,No
45,40,Retired,Engineer,131619,30,Other,Alive,61,Yes,Yes,No
46,56,Active,Analyst,58134,35,Female,Dead,55,Yes,Yes,No
47,33,Active,Director,148598,2,Male,Alive,62,No,Yes,Yes
48,62,Retired,Director,86528,1,Female,Alive,66,No,No,Yes
49,40,Retired,Manager,146366,26,Female,Dead,66,Yes,Yes,No
50,55,Retired,Director,95215,6,Male,Alive,56,Yes,No,No
51,64,Retired,Director,111877,13,Other,Alive,59,No,No,Yes
52,25,Active,Engineer,45970,1,Other,Dead,64,No,Yes,No
53,47,Retired,Director,65287,27,Other,Dead,58,Yes,No,No
54,33,Active,Analyst,33464,16,Male,Dead,57,Yes,Yes,Yes
55,58,Active,Manager,52915,35,Female,Alive,62,No,No,No
56,29,Retired,Engineer,141253,32,Female,Dead,58,No,No,Yes
57,57,Retired,Engineer,105204,31,Other,Alive,55,No,No,Yes
58,57,Retired,Engineer,105955,14,Male,Alive,65,No,No,Yes
59,49,Active,Engineer,141990,33,Male,Dead,62,Yes,Yes,Yes
60,49,Retired,Clerk,59088,31,Female,Dead,66,No,No,Yes
61,61,Active,Director,72450,19,Male,Dead,68,No,No,No
62,64,Retired,Engineer,95548,35,Female,Dead,64,No,No,Yes
63,54,Retired,Director,51717,33,Female,Dead,59,No,No,No
64,48,Active,Clerk,76219,13,Male,Alive,60,Yes,Yes,No
65,43,Retired,Manager,76765,3,Male,Alive,64,Yes,Yes,No
66,33,Retired,Clerk,41362,4,Other,Dead,57,Yes,No,No
67,45,Active,Clerk,149870,19,Female,Dead,68,No,No,No
68,48,Retired,Engineer,110515,9,Other,Dead,57,Yes,Yes,No
69,32,Retired,Analyst,111621,28,Male,Dead,62,Yes,No,Yes
70,40,Retired,Director,93060,7,Female,Dead,66,No,Yes,No
71,39,Active,Engineer,135362,1,Male,Alive,57,No,No,No
72,61,Retired,Engineer,34122,24,Female,Dead,67,Yes,No,Yes
73,58,Retired,Analyst,91112,2,Female,Dead,62,Yes,Yes,No
74,32,Retired,Engineer,103714,33,Other,Alive,57,Yes,No,Yes
75,63,Active,Director,31421,22,Male,Alive,65,No,Yes,Yes
76,42,Retired,Director,130184,7,Male,Alive,67,No,Yes,No
77,44,Active,Analyst,41046,25,Male,Dead,69,No,No,No
78,33,Retired,Clerk,89028,19,Male,Alive,64,Yes,Yes,No
79,30,Active,Clerk,38427,4,Male,Dead,62,Yes,Yes,Yes
80,32,Active,Clerk,149232,2,Female,Dead,68,Yes,No,Yes
81,31,Retired,Manager,104997,35,Female,Dead,61,No,No,Yes
82,54,Retired,Analyst,104808,5,Male,Alive,57,No,No,No
83,27,Active,Analyst,53278,26,Female,Alive,62,No,Yes,Yes
84,62,Active,Director,104469,36,Other,Dead,59,No,Yes,Yes
85,31,Retired,Analyst,119978,15,Male,Dead,69,Yes,No,Yes
86,59,Active,Manager,65319,36,Other,Alive,64,No,Yes,Yes
87,31,Active,Director,140118,11,Male,Dead,58,Yes,Yes,No
88,61,Active,Engineer,62637,35,Female,Alive,63,Yes,Yes,No
89,48,Active,Analyst,77367,20,Male,Dead,63,No,Yes,Yes
90,44,Retired,Analyst,43681,14,Other,Dead,65,Yes,No,Yes
91,51,Retired,Clerk,71992,4,Male,Dead,63,No,Yes,Yes
92,34,Retired,Engineer,51200,20,Male,Dead,67,No,Yes,Yes
93,41,Active,Director,50594,3,Male,Dead,59,Yes,No,No
94,52,Active,Director,74795,36,Male,Alive,61,Yes,Yes,No
95,37,Active,Analyst,75204,22,Female,Dead,69,Yes,Yes,Yes
96,34,Retired,Clerk,134416,9,Female,Dead,61,Yes,Yes,No
97,39,Active,Analyst,72065,5,Female,Alive,60,Yes,No,Yes
98,33,Active,Engineer,148334,23,Male,Dead,63,Yes,Yes,No
99,53,Retired,Clerk,81820,5,Male,Dead,66,No,Yes,No
100,45,Active,Clerk,69439,36,Female,Dead,65,No,No,Yes
101,49,Retired,Director,72399,37,Female,Alive,67,Yes,Yes,Yes
102,60,Active,Clerk,51615,26,Other,Alive,56,Yes,Yes,No
103,48,Active,Clerk,114442,39,Female,Alive,61,Yes,Yes,Yes
104,44,Retired,Clerk,41392,10,Female,Alive,58,Yes,No,No
105,31,Active,Engineer,99897,15,Other,Alive,65,No,No,Yes
106,41,Retired,Engineer,108232,31,Male,Alive,56,Yes,No,Yes
107,29,Retired,Analyst,96570,29,Other,Dead,63,No,No,No
108,54,Active,Engineer,139151,29,Other,Dead,63,No,No,No
109,62,Active,Manager,52440,12,Other,Dead,58,Yes,Yes,No
110,40,Active,Engineer,140863,32,Female,Dead,58,Yes,No,Yes
111,50,Retired,Clerk,107921,35,Other,Dead,67,Yes,No,Yes
112,45,Retired,Analyst,106000,20,Female,Dead,65,Yes,No,No
113,41,Active,Manager,147067,30,Male,Alive,59,No,Yes,No
114,61,Active,Analyst,39184,3,Male,Dead,69,Yes,Yes,No
115,39,Retired,Clerk,44066,7,Male,Dead,63,No,No,Yes
116,37,Retired,Clerk,42073,33,Male,Dead,68,Yes,No,No
117,43,Retired,Analyst,86543,27,Female,Dead,58,Yes,No,Yes
118,29,Active,Engineer,131852,20,Other,Alive,64,Yes,Yes,Yes
119,38,Retired,Analyst,79014,11,Male,Dead,63,No,Yes,No
120,54,Active,Engineer,91353,32,Male,Alive,68,Yes,No,Yes
121,58,Active,Clerk,64522,4,Female,Alive,69,No,No,Yes
122,28,Active,Engineer,142446,32,Female,Dead,63,No,No,Yes
123,43,Retired,Manager,144063,34,Other,Alive,69,No,Yes,Yes
124,46,Active,Analyst,86049,1,Other,Dead,55,Yes,Yes,No
125,52,Active,Director,100759,30,Male,Dead,64,No,Yes,Yes
126,26,Retired,Clerk,66849,11,Other,Alive,59,Yes,Yes,Yes
127,39,Retired,Clerk,44138,36,Male,Alive,62,No,Yes,No
128,42,Active,Manager,40354,10,Female,Alive,62,Yes,Yes,Yes
129,57,Retired,Engineer,59977,36,Other,Alive,55,Yes,No,No
130,49,Retired,Clerk,54783,36,Female,Dead,62,No,Yes,Yes
131,47,Retired,Analyst,91832,28,Other,Alive,64,Yes,Yes,Yes
132,42,Active,Director,60687,31,Other,Dead,61,No,No,No
133,33,Retired,Director,63635,36,Other,Dead,62,Yes,Yes,No
134,48,Active,Engineer,100944,17,Female,Dead,59,No,Yes,Yes
135,30,Retired,Director,86912,1,Male,Dead,63,Yes,No,No
136,27,Retired,Director,69591,20,Male,Dead,55,Yes,No,Yes
137,31,Active,Clerk,135883,11,Male,Dead,61,Yes,No,Yes
138,45,Active,Manager,146455,20,Other,Dead,66,Yes,Yes,No
139,28,Retired,Clerk,48137,10,Female,Alive,55,Yes,No,No
140,42,Retired,Clerk,134453,39,Female,Alive,63,No,Yes,No
141,36,Active,Clerk,104384,29,Female,Alive,59,Yes,No,No
142,34,Active,Clerk,61610,8,Male,Dead,66,No,Yes,No
143,49,Retired,Manager,79567,38,Female,Dead,66,No,No,Yes
144,51,Retired,Director,75602,4,Other,Dead,63,No,Yes,No
145,48,Active,Manager,103059,36,Female,Dead,68,Yes,No,Yes
146,29,Retired,Engineer,48915,11,Female,Alive,58,No,Yes,No
147,33,Active,Clerk,132915,10,Male,Dead,60,No,No,No
148,36,Active,Director,108600,7,Other,Alive,61,Yes,Yes,No
149,54,Retired,Analyst,41669,23,Male,Dead,69,No,Yes,No
150,61,Retired,Manager,135589,14,Other,Alive,65,No,No,Yes
151,51,Retired,Manager,133284,8,Other,Dead,66,Yes,No,Yes
152,33,Active,Director,105899,25,Male,Dead,60,Yes,No,No
153,37,Active,Director,75423,13,Female,Dead,66,No,No,Yes
154,61,Retired,Engineer,120237,38,Female,Dead,65,No,Yes,Yes
155,39,Active,Clerk,103823,38,Female,Dead,65,No,No,No
156,56,Retired,Director,131329,9,Other,Dead,61,No,Yes,No
157,60,Active,Analyst,93259,20,Male,Alive,67,No,Yes,No
158,59,Active,Engineer,92218,26,Female,Dead,66,Yes,No,No
159,44,Retired,Engineer,47607,35,Male,Dead,59,No,No,Yes
160,39,Active,Manager,130935,9,Male,Alive,62,Yes,No,Yes
161,64,Retired,Director,34714,3,Female,Dead,68,No,Yes,No
162,61,Active,Engineer,122028,28,Male,Alive,56,Yes,Yes,Yes
163,40,Active,Engineer,73875,9,Female,Dead,65,No,No,No
164,52,Active,Analyst,103593,37,Male,Dead,61,No,Yes,No
165,27,Active,Manager,110234,7,Male,Dead,55,No,Yes,No
166,38,Retired,Clerk,122739,18,Other,Dead,68,No,Yes,Yes
167,38,Retired,Clerk,96555,27,Female,Alive,64,No,Yes,Yes
168,30,Active,Manager,124704,29,Other,Alive,63,No,No,Yes
169,46,Retired,Analyst,102522,12,Other,Alive,58,Yes,No,No
170,34,Retired,Director,32771,28,Female,Dead,64,No,No,No
171,61,Active,Manager,49335,14,Male,Dead,58,No,No,No
172,42,Active,Manager,40101,12,Female,Dead,64,No,Yes,No
173,57,Retired,Manager,129429,5,Male,Dead,64,Yes,Yes,No
174,45,Active,Clerk,86963,6,Male,Dead,62,No,Yes,No
175,27,Retired,Manager,66141,14,Male,Dead,62,Yes,Yes,No
176,60,Active,Engineer,124748,33,Other,Dead,67,Yes,No,No
177,63,Active,Engineer,67210,4,Female,Dead,56,Yes,No,No
178,41,Active,Engineer,85932,22,Male,Dead,57,Yes,Yes,No
179,33,Retired,Director,97942,7,Male,Dead,67,Yes,Yes,No
180,60,Retired,Engineer,124195,30,Female,Alive,55,Yes,No,No
181,64,Active,Director,114027,39,Other,Alive,60,No,Yes,Yes
182,54,Active,Director,129538,29,Male,Dead,62,No,No,No
183,35,Retired,Manager,146578,23,Female,Dead,56,Yes,Yes,No
184,35,Retired,Director,99817,20,Female,Dead,64,No,Yes,No
185,33,Active,Clerk,66550,3,Male,Dead,68,No,Yes,Yes
186,26,Retired,Manager,67108,1,Female,Dead,64,No,No,No
187,32,Active,Analyst,89619,18,Female,Dead,55,No,No,No
188,28,Active,Manager,39812,30,Male,Alive,63,Yes,No,No
189,49,Retired,Analyst,69223,20,Other,Dead,56,No,No,Yes
190,41,Active,Engineer,80923,7,Female,Dead,57,No,No,Yes
191,34,Retired,Clerk,144584,30,Female,Alive,57,No,Yes,No
192,25,Active,Manager,37206,28,Female,Alive,64,No,Yes,Yes
193,49,Active,Engineer,78655,16,Other,Dead,69,Yes,No,No
194,26,Active,Engineer,144011,36,Other,Alive,62,No,Yes,Yes
195,40,Retired,Engineer,118672,20,Female,Dead,61,Yes,Yes,No
196,58,Active,Engineer,55699,18,Female,Dead,63,No,Yes,No
197,45,Active,Engineer,101004,11,Female,Alive,56,No,Yes,No
198,45,Retired,Analyst,109149,19,Female,Alive,55,No,No,No
199,60,Active,Director,48946,1,Male,Dead,65,Yes,No,Yes
200,32,Retired,Clerk,50802,3,Female,Dead,62,Yes,Yes,No
201,47,Retired,Director,55428,38,Other,Alive,63,Yes,No,Yes
202,52,Active,Analyst,91702,14,Male,Dead,65,No,Yes,No
203,39,Active,Director,88729,30,Male,Dead,65,No,Yes,Yes
204,55,Retired,Engineer,132609,15,Female,Alive,59,No,No,Yes
205,46,Active,Engineer,93826,13,Female,Dead,69,Yes,Yes,Yes
206,63,Active,Clerk,102398,10,Other,Dead,63,No,No,Yes
207,27,Retired,Clerk,96378,14,Male,Dead,60,No,No,Yes
208,62,Active,Clerk,148016,38,Other,Dead,60,No,Yes,No
209,44,Retired,Director,97899,18,Female,Dead,58,Yes,Yes,No
210,55,Retired,Manager,68017,12,Male,Dead,56,Yes,No,No
211,58,Active,Engineer,95102,38,Male,Dead,63,No,No,Yes
212,26,Active,Manager,129593,13,Male,Dead,66,No,Yes,Yes
213,59,Retired,Clerk,110126,22,Male,Alive,68,No,No,Yes
214,41,Retired,Analyst,122716,1,Female,Alive,64,Yes,No,Yes
215,50,Retired,Analyst,148369,31,Female,Alive,57,No,Yes,Yes
216,28,Active,Analyst,48996,3,Male,Alive,59,No,No,Yes
217,45,Active,Engineer,122473,34,Female,Alive,59,Yes,No,Yes
218,27,Retired,Analyst,100565,34,Other,Alive,66,No,Yes,No
219,53,Retired,Director,62165,15,Male,Dead,65,No,No,No
220,58,Retired,Director,79642,15,Male,Dead,62,No,No,No
221,42,Active,Manager,96521,34,Male,Alive,68,Yes,Yes,Yes
222,57,Retired,Manager,31431,21,Female,Alive,66,Yes,Yes,Yes
223,61,Active,Manager,106627,28,Male,Dead,66,No,No,Yes
224,60,Active,Analyst,71889,32,Female,Alive,65,Yes,Yes,Yes
225,62,Active,Manager,89957,1,Female,Dead,55,No,No,No
226,32,Active,Manager,136872,34,Female,Alive,60,No,No,No
227,39,Active,Clerk,74875,31,Other,Alive,57,No,No,No
228,50,Retired,Analyst,71894,26,Male,Alive,64,No,No,No
229,48,Retired,Director,131033,30,Other,Dead,69,Yes,No,No
230,55,Active,Manager,35097,35,Female,Alive,55,No,Yes,No
231,62,Active,Engineer,65017,20,Other,Alive,66,Yes,No,Yes
232,55,Active,Engineer,48705,29,Male,Dead,59,No,No,Yes
233,40,Active,Clerk,114102,2,Female,Dead,59,Yes,No,Yes
234,48,Retired,Manager,125183,23,Female,Alive,55,Yes,No,Yes
235,59,Retired,Engineer,94861,34,Female,Dead,57,No,Yes,Yes
236,64,Retired,Director,127786,16,Male,Alive,69,Yes,Yes,No
237,48,Retired,Engineer,101273,6,Female,Dead,65,No,Yes,No
238,45,Retired,Director,125692,38,Female,Alive,57,Yes,Yes,Yes
239,36,Active,Director,91859,37,Female,Alive,59,No,Yes,Yes
240,64,Retired,Engineer,134016,17,Other,Alive,64,Yes,Yes,No
241,52,Active,Engineer,67416,28,Other,Alive,64,Yes,Yes,Yes
242,52,Active,Engineer,42640,4,Male,Dead,59,No,Yes,Yes
243,49,Active,Clerk,136707,31,Female,Dead,62,Yes,Yes,Yes
244,57,Active,Director,86216,9,Female,Alive,69,Yes,No,No
245,63,Active,Manager,149809,26,Other,Alive,58,Yes,No,Yes
246,57,Retired,Manager,42443,16,Male,Alive,57,Yes,No,No
247,63,Active,Manager,33370,19,Other,Alive,64,Yes,No,Yes
248,25,Active,Clerk,33493,32,Male,Dead,62,No,No,No
249,59,Active,Analyst,63201,14,Male,Dead,59,Yes,Yes,No
250,32,Active,Clerk,41481,19,Other,Dead,64,Yes,Yes,No
251,40,Active,Analyst,107410,12,Male,Alive,60,No,No,Yes
252,62,Retired,Analyst,131932,24,Other,Alive,68,Yes,Yes,Yes
253,51,Active,Clerk,43158,11,Female,Dead,57,Yes,No,Yes
254,64,Retired,Clerk,95724,39,Female,Alive,66,Yes,Yes,No
255,35,Active,Engineer,135759,25,Other,Alive,62,Yes,No,Yes
256,52,Retired,Engineer,103842,35,Other,Alive,64,No,Yes,No
257,52,Retired,Clerk,109424,34,Male,Dead,56,Yes,Yes,No
258,57,Retired,Clerk,121752,9,Male,Dead,57,No,Yes,No
259,55,Active,Clerk,122042,16,Female,Dead,61,No,Yes,Yes
260,48,Retired,Analyst,75416,24,Female,Dead,63,Yes,Yes,Yes
261,61,Retired,Director,47403,2,Other,Alive,64,Yes,Yes,Yes
262,40,Retired,Manager,35282,30,Male,Dead,56,Yes,Yes,No
263,52,Retired,Analyst,138210,39,Male,Dead,59,No,Yes,No
264,50,Retired,Clerk,70492,14,Male,Alive,55,Yes,No,Yes
265,55,Active,Analyst,102198,25,Male,Dead,56,Yes,Yes,Yes
266,31,Retired,Clerk,61689,24,Other,Dead,61,Yes,Yes,No
267,34,Retired,Manager,143408,39,Other,Dead,60,Yes,Yes,No
268,32,Active,Manager,145108,18,Female,Alive,56,No,Yes,Yes
269,34,Retired,Engineer,98770,29,Female,Alive,57,No,Yes,Yes
270,40,Retired,Director,128967,25,Other,Alive,68,Yes,No,Yes
271,39,Active,Analyst,114566,18,Other,Dead,56,No,No,Yes
272,47,Active,Analyst,78539,8,Male,Alive,67,No,Yes,No
273,48,Active,Manager,107169,28,Male,Alive,67,Yes,No,No
274,58,Active,Analyst,44262,23,Female,Dead,64,No,Yes,Yes
275,28,Retired,Director,68300,17,Other,Alive,64,No,No,Yes
276,63,Retired,Manager,103551,3,Male,Dead,58,Yes,Yes,No
277,28,Active,Analyst,114553,21,Female,Alive,63,Yes,Yes,Yes
278,58,Retired,Director,55864,36,Other,Dead,62,No,No,No
279,43,Retired,Director,57918,24,Male,Dead,65,No,Yes,No
280,32,Active,Director,106982,2,Female,Dead,66,Yes,Yes,Yes
281,27,Active,Director,149473,7,Male,Alive,67,Yes,Yes,Yes
282,28,Active,Engineer,129646,34,Male,Dead,56,No,Yes,No
283,36,Retired,Clerk,83352,10,Other,Alive,67,No,No,Yes
284,52,Active,Manager,145526,12,Other,Alive,60,Yes,Yes,No
285,51,Retired,Manager,94276,25,Female,Alive,64,Yes,Yes,Yes
286,38,Retired,Manager,107977,34,Male,Dead,62,No,No,No
287,25,Retired,Engineer,70027,11,Male,Dead,60,No,Yes,No
288,61,Retired,Analyst,64280,17,Male,Dead,62,Yes,Yes,No
289,44,Active,Engineer,119027,12,Other,Dead,59,Yes,Yes,No
290,28,Active,Manager,148665,24,Male,Dead,57,No,Yes,Yes
291,25,Retired,Analyst,66061,36,Other,Alive,57,Yes,Yes,No
292,53,Active,Analyst,114602,22,Female,Dead,55,No,Yes,No
293,42,Retired,Analyst,134468,39,Female,Dead,60,No,No,No
294,60,Active,Analyst,86731,27,Female,Alive,60,No,Yes,Yes
295,60,Retired,Analyst,67023,6,Female,Alive,69,Yes,Yes,No
296,25,Retired,Director,132937,33,Female,Dead,64,Yes,Yes,No
297,57,Retired,Analyst,73329,1,Male,Alive,63,Yes,No,No
298,45,Retired,Analyst,36974,18,Other,Dead,55,Yes,No,No
299,62,Retired,Director,135083,22,Female,Alive,65,No,No,Yes
300,37,Retired,Director,109818,18,Female,Alive,65,No,No,No
301,53,Active,Manager,46495,16,Male,Alive,55,No,Yes,No
302,39,Retired,Director,49678,29,Male,Alive,56,No,Yes,Yes
303,47,Retired,Analyst,40394,4,Male,Alive,69,No,No,Yes
304,26,Active,Clerk,56799,29,Female,Dead,58,No,No,No
305,53,Active,Engineer,32096,21,Female,Dead,64,Yes,Yes,No
306,60,Retired,Manager,115699,2,Other,Dead,68,Yes,No,Yes
307,47,Active,Analyst,67771,18,Female,Dead,62,No,Yes,Yes
308,54,Active,Analyst,108977,3,Female,Dead,55,Yes,Yes,No
309,51,Active,Clerk,57673,2,Other,Dead,68,Yes,Yes,Yes
310,35,Retired,Engineer,117389,1,Female,Dead,58,No,No,Yes
311,52,Active,Engineer,49821,32,Male,Dead,60,No,Yes,No
312,63,Active,Analyst,48304,17,Other,Alive,60,No,No,No
313,42,Retired,Clerk,127649,23,Male,Dead,63,No,Yes,No
314,28,Active,Engineer,131262,24,Other,Alive,67,Yes,Yes,No
315,51,Active,Manager,130469,2,Male,Alive,62,Yes,No,No
316,57,Active,Engineer,57075,25,Female,Alive,57,No,Yes,No
317,25,Retired,Director,135262,27,Other,Alive,60,No,No,No
318,49,Retired,Clerk,106324,4,Female,Dead,62,No,Yes,No
319,41,Active,Clerk,64610,6,Female,Alive,62,Yes,Yes,Yes
320,41,Active,Engineer,135869,28,Male,Alive,66,No,Yes,No
321,35,Retired,Engineer,61414,20,Female,Dead,67,No,No,Yes
322,46,Retired,Manager,110716,30,Male,Dead,69,No,No,No
323,41,Active,Director,84218,16,Female,Alive,69,No,No,No
324,46,Retired,Manager,133509,30,Female,Alive,56,No,No,Yes
325,38,Active,Analyst,86210,10,Female,Dead,66,Yes,No,Yes
326,60,Active,Director,81659,30,Male,Dead,62,Yes,No,Yes
327,32,Active,Engineer,47036,5,Other,Alive,60,No,Yes,No
328,33,Active,Clerk,97245,23,Other,Dead,64,No,No,Yes
329,42,Active,Clerk,110209,23,Female,Alive,63,No,Yes,No
330,41,Active,Analyst,142044,33,Male,Dead,60,Yes,Yes,No
331,51,Retired,Analyst,103369,18,Other,Alive,69,No,Yes,No
332,54,Retired,Manager,114807,7,Male,Dead,63,No,No,Yes
333,40,Active,Analyst,46122,17,Male,Dead,60,Yes,No,Yes
334,32,Retired,Engineer,95462,9,Other,Alive,67,No,No,Yes
335,38,Retired,Director,59452,2,Male,Dead,60,No,No,Yes
336,42,Active,Clerk,32916,35,Other,Dead,66,No,No,Yes
337,28,Active,Analyst,80963,27,Male,Alive,60,No,No,Yes
338,46,Active,Clerk,45459,28,Other,Dead,67,Yes,Yes,No
339,26,Active,Director,31323,27,Other,Dead,57,Yes,Yes,No
340,51,Active,Director,133824,7,Female,Dead,57,No,No,Yes
341,34,Retired,Analyst,81160,12,Female,Alive,56,Yes,No,No
342,37,Active,Analyst,32739,24,Female,Alive,60,No,No,No
343,40,Retired,Analyst,54833,35,Male,Alive,55,No,Yes,No
344,33,Retired,Analyst,99852,38,Male,Alive,56,Yes,Yes,Yes
345,61,Retired,Manager,72369,27,Female,Dead,58,Yes,Yes,No
346,38,Active,Director,68333,12,Other,Dead,59,No,Yes,Yes
347,27,Active,Clerk,91891,29,Female,Alive,61,Yes,Yes,No
348,54,Active,Manager,100237,6,Male,Alive,65,No,No,No
349,62,Retired,Manager,45994,6,Female,Dead,59,Yes,Yes,Yes
350,46,Active,Clerk,60158,26,Male,Alive,62,Yes,Yes,Yes
351,26,Active,Engineer,115376,3,Male,Alive,65,Yes,No,No
352,56,Retired,Analyst,129922,38,Male,Alive,68,No,No,Yes
353,38,Retired,Manager,61587,6,Male,Dead,60,Yes,Yes,Yes
354,56,Active,Director,108446,22,Male,Alive,56,No,No,No
355,32,Active,Manager,99500,30,Other,Dead,64,No,Yes,No
356,55,Retired,Clerk,131140,9,Male,Dead,56,Yes,Yes,Yes
357,56,Active,Engineer,124644,36,Male,Alive,62,Yes,Yes,No
358,54,Retired,Director,140211,28,Other,Dead,61,Yes,No,No
359,26,Active,Director,126356,25,Female,Dead,68,No,No,Yes
360,54,Active,Clerk,135896,24,Female,Alive,59,Yes,No,No
361,45,Active,Manager,117181,22,Male,Alive,66,Yes,Yes,No
362,63,Retired,Manager,62131,30,Female,Dead,58,No,No,No
363,49,Retired,Engineer,128141,35,Other,Alive,55,Yes,No,No
364,62,Retired,Director,70306,37,Other,Dead,68,No,Yes,Yes
365,48,Active,Director,76303,13,Female,Alive,57,No,No,No
366,26,Active,Director,37297,20,Other,Alive,66,Yes,No,Yes
367,58,Active,Engineer,56566,15,Other,Alive,61,No,Yes,No
368,48,Retired,Engineer,117373,35,Other,Alive,63,No,Yes,Yes
369,47,Active,Clerk,103451,33,Male,Alive,66,Yes,Yes,Yes
370,31,Retired,Director,99991,24,Male,Dead,69,No,No,Yes
371,36,Retired,Engineer,34125,5,Male,Dead,59,No,No,No
372,48,Retired,Clerk,97416,20,Other,Alive,68,No,Yes,Yes
373,47,Active,Analyst,82688,19,Female,Alive,60,Yes,No,No
374,33,Retired,Clerk,59386,28,Female,Alive,65,No,Yes,Yes
375,53,Retired,Analyst,43119,33,Female,Alive,69,No,No,No
376,39,Retired,Director,57312,11,Other,Dead,66,Yes,No,No
377,52,Retired,Engineer,89040,33,Other,Dead,64,No,No,Yes
378,42,Active,Director,88716,16,Female,Alive,68,Yes,Yes,No
379,64,Retired,Manager,96849,13,Female,Dead,63,No,No,Yes
380,34,Retired,Director,123103,19,Female,Dead,59,Yes,Yes,Yes
381,37,Retired,Analyst,51392,33,Female,Dead,59,Yes,Yes,No
382,34,Active,Manager,124800,9,Male,Alive,67,No,Yes,Yes
383,42,Retired,Engineer,61290,23,Male,Dead,56,Yes,Yes,Yes
384,41,Retired,Manager,141242,31,Female,Dead,60,No,No,Yes
385,40,Retired,Director,106603,27,Female,Alive,63,No,Yes,Yes
386,36,Active,Engineer,140795,19,Other,Alive,65,No,Yes,Yes
387,49,Active,Engineer,71099,17,Male,Dead,64,No,No,Yes
388,41,Active,Engineer,135146,3,Other,Alive,63,Yes,No,No
389,29,Active,Engineer,83249,8,Male,Dead,56,Yes,Yes,No
390,33,Active,Manager,95624,28,Female,Dead,59,Yes,No,Yes
391,27,Active,Clerk,76194,34,Male,Dead,63,Yes,Yes,No
392,30,Retired,Clerk,122619,3,Male,Alive,65,Yes,No,Yes
393,26,Retired,Engineer,98129,34,Other,Dead,68,Yes,Yes,No
394,63,Active,Analyst,125766,1,Other,Dead,65,Yes,No,Yes
395,42,Active,Engineer,79386,9,Other,Dead,55,No,No,No
396,37,Retired,Analyst,42878,36,Female,Dead,68,Yes,No,Yes
397,27,Active,Manager,77229,7,Male,Alive,58,No,No,No
398,58,Retired,Manager,40743,27,Male,Alive,60,No,Yes,No
399,50,Retired,Analyst,77047,34,Female,Alive,56,No,Yes,Yes
400,46,Active,Analyst,129596,22,Female,Dead,55,Yes,Yes,No
401,54,Retired,Director,80201,10,Other,Dead,55,No,No,No
402,26,Retired,Manager,93967,34,Female,Dead,67,No,No,Yes
403,38,Active,Director,128353,24,Other,Alive,63,Yes,Yes,No
404,51,Retired,Engineer,127438,8,Female,Dead,60,No,Yes,Yes
405,26,Active,Director,62211,28,Other,Dead,67,Yes,Yes,No
406,36,Retired,Manager,47818,11,Male,Dead,61,No,Yes,No
407,52,Active,Manager,129751,22,Female,Alive,60,No,Yes,Yes
408,30,Retired,Director,101653,16,Female,Alive,65,No,Yes,No
409,45,Retired,Clerk,125423,26,Female,Dead,63,No,No,Yes
410,28,Active,Engineer,45352,34,Other,Dead,62,Yes,No,Yes
411,59,Active,Clerk,116733,33,Female,Alive,65,Yes,Yes,Yes
412,30,Retired,Engineer,80931,21,Female,Dead,69,No,No,No
413,31,Active,Clerk,96600,39,Other,Dead,60,No,No,Yes
414,47,Active,Director,34449,14,Female,Dead,65,Yes,Yes,No
415,63,Retired,Clerk,119195,27,Other,Dead,69,Yes,Yes,Yes
416,61,Retired,Manager,147313,22,Other,Alive,56,Yes,Yes,Yes
417,34,Active,Clerk,62147,8,Female,Alive,60,Yes,No,No
418,49,Retired,Clerk,109740,18,Male,Alive,62,No,Yes,Yes
419,63,Active,Director,49330,36,Female,Alive,56,No,Yes,Yes
420,57,Retired,Analyst,107586,36,Female,Dead,68,No,No,Yes
421,61,Active,Manager,128457,28,Other,Dead,62,No,No,Yes
422,45,Active,Analyst,89397,23,Female,Dead,67,No,No,No
423,37,Active,Manager,57618,19,Other,Dead,64,No,No,Yes
424,41,Active,Engineer,64219,34,Other,Alive,62,Yes,No,Yes
425,56,Retired,Engineer,107843,28,Female,Alive,61,No,No,Yes
426,26,Retired,Manager,63824,39,Female,Dead,67,Yes,No,Yes
427,48,Retired,Engineer,64008,28,Female,Dead,64,Yes,No,No
428,34,Active,Analyst,109952,33,Other,Alive,69,No,Yes,Yes
429,54,Active,Director,146375,39,Female,Alive,55,Yes,No,Yes
430,64,Active,Engineer,85671,23,Female,Alive,62,Yes,Yes,Yes
431,27,Retired,Manager,33068,15,Male,Alive,68,Yes,Yes,Yes
432,32,Active,Director,125591,19,Male,Dead,57,Yes,No,No
433,37,Retired,Clerk,99425,24,Other,Alive,65,No,Yes,No
434,36,Active,Clerk,83668,23,Female,Alive,64,No,No,Yes
435,34,Retired,Director,86784,7,Male,Alive,68,No,Yes,Yes
436,25,Retired,Engineer,100964,12,Other,Alive,59,Yes,No,No
437,60,Active,Engineer,72628,27,Other,Dead,58,No,No,No
438,33,Retired,Manager,134214,10,Female,Dead,64,Yes,Yes,Yes
439,32,Active,Analyst,132548,20,Female,Alive,55,No,Yes,Yes
440,41,Active,Director,34235,28,Other,Alive,58,Yes,Yes,No
441,36,Active,Engineer,110230,22,Female,Alive,56,No,Yes,No
442,63,Retired,Clerk,118088,37,Female,Dead,68,No,No,Yes
443,46,Active,Manager,56637,3,Female,Dead,68,No,No,Yes
444,44,Retired,Director,113963,37,Other,Alive,60,Yes,Yes,No
445,36,Active,Director,117163,18,Other,Dead,61,No,No,No
446,32,Retired,Analyst,42261,17,Other,Alive,66,No,Yes,Yes
447,48,Retired,Director,54647,24,Other,Dead,59,No,Yes,Yes
448,43,Retired,Manager,56347,5,Other,Dead,55,Yes,No,Yes
449,28,Active,Director,127145,2,Male,Dead,60,No,No,Yes
450,28,Active,Director,119466,13,Male,Alive,65,No,Yes,Yes
451,38,Active,Manager,36934,34,Male,Dead,64,Yes,No,No
452,52,Retired,Clerk,31882,32,Male,Alive,59,Yes,Yes,No
453,63,Active,Analyst,67725,39,Other,Alive,69,Yes,Yes,Yes
454,36,Active,Director,39246,13,Male,Alive,60,No,No,Yes
455,50,Retired,Director,129476,36,Male,Dead,55,No,Yes,No
456,47,Retired,Clerk,66298,21,Male,Dead,59,No,Yes,No
457,35,Active,Engineer,87408,20,Female,Alive,69,No,Yes,No
458,34,Active,Clerk,83755,39,Female,Dead,67,Yes,No,Yes
459,49,Active,Manager,112962,1,Male,Alive,63,Yes,Yes,No
460,34,Retired,Director,61174,36,Female,Alive,69,No,No,Yes
461,35,Retired,Engineer,105502,25,Female,Dead,63,Yes,Yes,No
462,61,Active,Clerk,31092,18,Male,Alive,60,Yes,Yes,No
463,49,Retired,Director,63900,9,Other,Dead,60,Yes,Yes,Yes
464,50,Retired,Clerk,76784,4,Female,Dead,65,No,No,Yes
465,56,Active,Director,103979,39,Male,Alive,58,No,Yes,No
466,63,Retired,Manager,77910,33,Female,Dead,63,No,No,No
467,47,Retired,Analyst,134877,31,Male,Alive,65,Yes,No,Yes
468,50,Active,Analyst,97452,3,Male,Dead,63,Yes,Yes,Yes
469,56,Retired,Manager,45695,22,Female,Dead,67,No,No,Yes
470,36,Retired,Analyst,120901,22,Female,Alive,58,Yes,Yes,Yes
471,25,Active,Manager,108899,39,Female,Alive,62,No,Yes,Yes
472,60,Active,Engineer,49685,37,Female,Alive,56,No,No,No
473,36,Retired,Analyst,94247,7,Other,Dead,69,Yes,Yes,No
474,61,Active,Director,32092,6,Female,Alive,63,Yes,No,Yes
475,55,Retired,Analyst,123656,26,Other,Dead,57,Yes,No,Yes
476,31,Retired,Clerk,95573,32,Female,Alive,68,Yes,No,No
477,56,Retired,Engineer,95463,2,Female,Dead,69,Yes,Yes,Yes
478,40,Retired,Analyst,87289,13,Other,Alive,64,No,No,No
479,39,Active,Analyst,110831,9,Male,Dead,68,Yes,Yes,No
480,63,Retired,Clerk,123845,5,Female,Alive,62,No,No,Yes
481,64,Active,Director,116623,36,Female,Alive,68,Yes,No,No
482,44,Retired,Director,106725,6,Male,Alive,68,Yes,Yes,Yes
483,26,Active,Director,138893,16,Other,Alive,59,No,No,No
484,42,Retired,Clerk,46860,15,Male,Dead,67,Yes,No,Yes
485,61,Active,Manager,80782,10,Male,Alive,60,Yes,No,Yes
486,53,Retired,Director,61882,22,Other,Alive,63,Yes,No,Yes
487,53,Retired,Director,110936,12,Male,Alive,68,No,Yes,Yes
488,62,Active,Engineer,49894,29,Female,Dead,64,Yes,Yes,No
489,53,Retired,Director,127582,35,Female,Dead,65,No,Yes,Yes
490,52,Active,Analyst,72746,1,Other,Dead,64,Yes,Yes,No
491,28,Retired,Director,134720,19,Male,Dead,56,No,Yes,Yes
492,55,Active,Clerk,135652,23,Male,Alive,66,No,No,Yes
493,61,Active,Manager,34145,27,Female,Dead,65,Yes,No,Yes
494,51,Retired,Analyst,77125,3,Male,Dead,63,Yes,Yes,No
495,38,Retired,Manager,73061,10,Male,Dead,60,No,Yes,No
496,40,Active,Manager,148128,27,Other,Dead,63,No,Yes,Yes
497,28,Active,Manager,113916,18,Other,Dead,56,Yes,Yes,Yes
498,44,Active,Analyst,43969,13,Female,Alive,65,No,No,No
499,59,Active,Clerk,111050,15,Other,Alive,69,Yes,No,No
500,57,Retired,Clerk,40058,18,Male,Dead,60,Yes,No,No
